Fiscal Year,Agency Name,Payee Name,Payee Zip,Amount,Purpose of Payment (Baltimore County only),MBE
2019,Montgomery County Public Schools,365 Interpreting Services,20874,"66,857.08",,
2019,Montgomery County Public Schools,ABDO Publishing Company,55439,"84,367.89",,
2019,Montgomery County Public Schools,Accredited Lock and Door Hardware Co,7096,"76,967.27",,
2019,Montgomery County Public Schools,AccuLine Enterprises Inc,20851,"61,705.00",,
2019,Montgomery County Public Schools,Acer Service Corporation,95110,"245,784.66",,
2019,Montgomery County Public Schools,Acme Paper & Supply Co Inc,20763,"1,073,224.95",,
2019,Montgomery County Public Schools,ACT Inc,52243,"96,062.00",,
2019,Montgomery County Public Schools,Adventist Rehabilitation Hospital of Maryland Inc,20850,"263,650.00",,
2019,Montgomery County Public Schools,Adventures by Dawn LLC,20607,"27,990.00",,
2019,Montgomery County Public Schools,AFP Industries Inc,33280,"56,576.48",,
2019,Montgomery County Public Schools,Alan Tye & Associates LC,22031,"112,364.11",,
2019,Montgomery County Public Schools,Alban Engineering Inc,21030,"274,226.00",,
2019,Montgomery County Public Schools,All American Protective Services LLC,20855,"244,705.50",,
2019,Montgomery County Public Schools,All Day Medical Care Clinic,20877,"80,423.00",,
2019,Montgomery County Public Schools,Altec Inc,35242,"280,633.00",,
2019,Montgomery County Public Schools,Altimate Electric Inc,21771,"43,366.38",,
2019,Montgomery County Public Schools,Amber Enterprises Inc,20740,"1,182,213.89",,
2019,Montgomery County Public Schools,American Air Filter Company Inc,21224,"398,008.21",,
2019,Montgomery County Public Schools,American Reprographics Inc,20852,"25,240.65",,
2019,Montgomery County Public Schools,American Scientific LLC,43235,"54,937.30",,
2019,Montgomery County Public Schools,American Tennis Courts Inc,21222,"1,349,244.75",,
2019,Montgomery County Public Schools,American Truck & Bus Inc,21401,"16,470,597.23",,
2019,Montgomery County Public Schools,AmeriGas Propane LP,15250,"91,468.64",,
2019,Montgomery County Public Schools,Amplify Education Inc,11555,"533,575.25",,
2019,Montgomery County Public Schools,Anne Arundel Co Public School,21401,"133,154.00",,
2019,Montgomery County Public Schools,AON Consulting Inc,60673,"158,720.50",,
2019,Montgomery County Public Schools,Apex Companies LLC,21203,"48,428.95",,
2019,Montgomery County Public Schools,Apex Learning Inc,98161,"166,655.00",,
2019,Montgomery County Public Schools,"APNT, Inc",20759,"61,643.33",,
2019,Montgomery County Public Schools,Appeeling Fruit Inc,19533,"192,189.23",,
2019,Montgomery County Public Schools,Apple & Eve LLC,10050,"357,665.80",,
2019,Montgomery County Public Schools,Apple Inc,30384,"494,975.49",,
2019,Montgomery County Public Schools,Applications Software Technology LLC,60563,"2,535,570.00",,
2019,Montgomery County Public Schools,Architecture Inc,20191,"327,050.73",,
2019,Montgomery County Public Schools,Aries Building Systems LLC,77034,"324,650.00",,
2019,Montgomery County Public Schools,Aries Building Systems LLC,77028,"2,000.00",,
2019,Montgomery County Public Schools,Ark Systems Inc,21045,"41,997.00",,
2019,Montgomery County Public Schools,Asbestos Specialists Inc,21075,"148,750.00",,
2019,Montgomery County Public Schools,Ascom Hasler Mailing Systems,19170,"60,000.00",,
2019,Montgomery County Public Schools,ASSA ABLOY Entrance Systems US Inc,19182,"27,300.54",,
2019,Montgomery County Public Schools,ASSA ABLOY Entrance Systems US Inc,21046,"24,859.80",,
2019,Montgomery County Public Schools,Associated Catholic Charities Inc,21093,"134,954.28",,
2019,Montgomery County Public Schools,Associated Professional Rehabilitation Services Inc,20833,"84,861.50",,
2019,Montgomery County Public Schools,AT&T,60197,"80,582.88",,
2019,Montgomery County Public Schools,AT&T Mobility II LLC,60197,"306,778.01",,
2019,Montgomery County Public Schools,Atlantech Online Inc,20910,"759,386.87",,
2019,Montgomery County Public Schools,Audio Visual Innovations Inc,21264,"28,617.95",,
2019,Montgomery County Public Schools,"Automatic Nursing Care Services, Inc",20912,"73,320.56",,
2019,Montgomery County Public Schools,Automotive Support Services Inc,20868,"155,954.00",,
2019,Montgomery County Public Schools,Aztech Datasystems Inc,17403,"184,176.35",,
2019,Montgomery County Public Schools,B & H Foto & Electronics Corp,10087,"206,233.62",,
2019,Montgomery County Public Schools,B W Wilson Paper Company Inc,23230,"221,220.29",,
2019,Montgomery County Public Schools,B&B Concepts Inc,21771,"157,361.27",,
2019,Montgomery County Public Schools,Baltimore Lab School Inc,21218,"95,696.62",,
2019,Montgomery County Public Schools,Banc of America Public Capital Corp,30384,"30,633,563.60",,
2019,Montgomery County Public Schools,"Bannister, Joi",20607,"69,260.19",,
2019,Montgomery County Public Schools,Baptist Convention of MD/DE,19939,"196,406.20",,
2019,Montgomery County Public Schools,BARCO Enterprises Inc,21162,"160,389.00",,
2019,Montgomery County Public Schools,Barnes & Noble Booksellers Inc,75395,"61,066.79",,
2019,Montgomery County Public Schools,Bell TechLogix Inc,19182,"2,034,852.59",,
2019,Montgomery County Public Schools,"Beltway International Trucks, LLC",21227,"29,587.79",,
2019,Montgomery County Public Schools,Benchmark Education Company LLC,10801,"147,267.95",,
2019,Montgomery County Public Schools,Benedictine School,21660,"1,826,759.77",,
2019,Montgomery County Public Schools,Benefit Strategies LLC,3105,"8,869,640.06",,
2019,Montgomery County Public Schools,BGE,19101,"504,965.45",,
2019,Montgomery County Public Schools,Blackboard Inc,15251,"473,334.00",,
2019,Montgomery County Public Schools,Blick Art Materials LLC,60678,"38,816.02",,
2019,Montgomery County Public Schools,Board of Child Care of the United Methodist Church Inc,21244,"61,239.49",,
2019,Montgomery County Public Schools,Board of Education of Baltimore County,21204,"35,658.11",,
2019,Montgomery County Public Schools,Board Of Education Prince George's,20772,"170,718.14",,
2019,Montgomery County Public Schools,Bob McCloskey Agency LLC,7747,"54,974.18",,
2019,Montgomery County Public Schools,Bobs Overhead Door Repair & Service Inc,21221,"73,601.80",,
2019,Montgomery County Public Schools,Boiler & Furnace Cleaners Inc,20722,"174,124.42",,
2019,Montgomery County Public Schools,Boland Trane Services Inc,20153,"42,801.86",,
2019,Montgomery County Public Schools,Bond Water Technologies Inc,20877,"26,185.00",,
2019,Montgomery County Public Schools,Bowings & Huber LLC,21074,"108,401.25",,
2019,Montgomery County Public Schools,Bowman Sales & Equipment Inc,21795,"79,741.82",,
2019,Montgomery County Public Schools,Briggs Chaney Walk in Clinic LLC,20904,"46,155.00",,
2019,Montgomery County Public Schools,BrightView Holdings Inc,30374,"307,700.71",,
2019,Montgomery County Public Schools,Brinjac Engineering Inc- A Nelson Company,19182,"273,035.00",,
2019,Montgomery County Public Schools,Brook Lane Health Services Inc,21742,"1,795,168.07",,
2019,Montgomery County Public Schools,Buch Construction Inc,20723,"258,272.00",,
2019,Montgomery County Public Schools,Buckhorn Inc,60673,"32,110.00",,
2019,Montgomery County Public Schools,Building Automation Services Inc,22122,"18,841.11",,
2019,Montgomery County Public Schools,Building Automation Services Inc,22079,"8,782.60",,
2019,Montgomery County Public Schools,Building Dynamics LLC,20832,"183,482.00",,
2019,Montgomery County Public Schools,Bunn LLC,20850,"136,748.99",,
2019,Montgomery County Public Schools,"Burdette, Koehler, Murphy & Associates Inc",21209,"50,314.43",,
2019,Montgomery County Public Schools,Burmax Company Inc,11742,"31,512.31",,
2019,Montgomery County Public Schools,Bus Patrol America LLC,22079,"10,566,697.80",,
2019,Montgomery County Public Schools,Business Software Inc,30092,"29,915.00",,
2019,Montgomery County Public Schools,Busy Service Inc,20882,"58,686.00",,
2019,Montgomery County Public Schools,C&C Manufacturing Inc,20879,"37,542.60",,
2019,Montgomery County Public Schools,C. Archer and Associates,17070,"63,159.00",,
2019,Montgomery County Public Schools,C. N. Robinson Lighting Supply Co Inc,21264,"99,692.45",,
2019,Montgomery County Public Schools,C.A.S Industries Inc,13210,"37,290.57",,
2019,Montgomery County Public Schools,CA Inc,19178,"75,820.00",,
2019,Montgomery County Public Schools,Calfed Financial Corp,46063,"259,029.54",,
2019,Montgomery County Public Schools,Calico Packaging LLC,15251,"30,740.91",,
2019,Montgomery County Public Schools,Canon Financial Services Inc,60693,"199,591.03",,
2019,Montgomery County Public Schools,Canon Solutions America Inc,60693,"179,375.73",,
2019,Montgomery County Public Schools,Capitol Document Solutions LLC,20852,"1,038,287.16",,
2019,Montgomery County Public Schools,Care.com Inc,2451,"69,431.00",,
2019,Montgomery County Public Schools,Cargill Kitchen Solutions Inc,2241,"179,373.48",,
2019,Montgomery County Public Schools,Cargill Meat Solutions Corporation,2241,"153,453.62",,
2019,Montgomery County Public Schools,"Carney, Kelehan, Bresler, Bennett & Scherr LLP",21044,"935,246.00",,
2019,Montgomery County Public Schools,Carolina Biological Supply Co,28260,"165,961.51",,
2019,Montgomery County Public Schools,Carolina Imaging & Computer Products Inc,27419,"342,932.37",,
2019,Montgomery County Public Schools,CCG Systems Inc,23452,"142,954.67",,
2019,Montgomery County Public Schools,CDW Government LLC,60675,"10,137,112.93",,
2019,Montgomery County Public Schools,CDW LLC,60675,"5,782,307.19",,
2019,Montgomery County Public Schools,Cedar Ridge Children's Home & School Inc,21795,"41,347.80",,
2019,Montgomery County Public Schools,Cengage Learning Inc,60694,"180,909.66",,
2019,Montgomery County Public Schools,Centennial Contractors Enterprises Inc,20190,"174,546.80",,
2019,Montgomery County Public Schools,Centennial Contractors Enterprises Inc,20850,"284,015.70",,
2019,Montgomery County Public Schools,Center for Autism and Related Disorders LLC,91367,"66,822.50",,
2019,Montgomery County Public Schools,Central Maryland International Trucks LLC,21227,"27,859.33",,
2019,Montgomery County Public Schools,Change Academy at Lake of the Ozarks LLC,65049,"31,930.80",,
2019,Montgomery County Public Schools,Chelsea School,20782,"88,212.00",,
2019,Montgomery County Public Schools,Chesapeake Communications Inc,23236,"59,887.82",,
2019,Montgomery County Public Schools,Chesapeake Treatment Centers,21229,"48,200.39",,
2019,Montgomery County Public Schools,Chimes Inc,21215,"86,052.35",,
2019,Montgomery County Public Schools,Chinese Food Solutions Inc,44193,"104,916.80",,
2019,Montgomery County Public Schools,CitraPac Inc,33870,"40,030.85",,
2019,Montgomery County Public Schools,"City Of Gaithersburg, Maryland",20878,300.00,,
2019,Montgomery County Public Schools,"City Of Gaithersburg, Maryland",20877,"37,446.25",,
2019,Montgomery County Public Schools,City Of Rockville,20851,"3,362.00",,
2019,Montgomery County Public Schools,City Of Rockville,20850,"944,942.79",,
2019,Montgomery County Public Schools,Clampett Industries LLC,21264,"489,033.56",,
2019,Montgomery County Public Schools,Clark Associates Inc,17602,"385,651.99",,
2019,Montgomery County Public Schools,"Clark Azar & Associates, Inc",20874,"509,596.06",,
2019,Montgomery County Public Schools,Clayworks Supply Inc,21209,"40,316.24",,
2019,Montgomery County Public Schools,CliftonLarsonAllen LLP,19182,"90,800.00",,
2019,Montgomery County Public Schools,Clinton Learning Solutions LLC,20603,"101,202.99",,
2019,Montgomery County Public Schools,ColDesi Inc,33611,"25,679.00",,
2019,Montgomery County Public Schools,Cole Roofing Co Inc,21229,"1,463,330.00",,
2019,Montgomery County Public Schools,College Entrance Examination Board,10003,"10,400.00",,
2019,Montgomery County Public Schools,College Entrance Examination Board,40742,333.30,,
2019,Montgomery County Public Schools,College Entrance Examination Board,10087,"226,238.15",,
2019,Montgomery County Public Schools,College Entrance Examination Board,60693,"7,635.00",,
2019,Montgomery County Public Schools,"CollegeTracks, Inc",20814,"350,000.00",,
2019,Montgomery County Public Schools,"Colossal Contractors, Inc",20866,"671,941.11",,
2019,Montgomery County Public Schools,Comcast,19176,"3,224.45",,
2019,Montgomery County Public Schools,Comcast,21236,"9,716.69",,
2019,Montgomery County Public Schools,Comcast,19101,"769,292.30",,
2019,Montgomery County Public Schools,Comcast,19398,158.13,,
2019,Montgomery County Public Schools,Committee For Children,98121,"27,849.00",,
2019,Montgomery County Public Schools,Community Products LLC,12487,"27,173.00",,
2019,Montgomery County Public Schools,Community Products LLC,12471,"54,775.35",,
2019,Montgomery County Public Schools,Community Services for Autistic Adults and Children,20886,"1,503,780.72",,
2019,Montgomery County Public Schools,Community Support Services,20877,"4,029,633.29",,
2019,Montgomery County Public Schools,Complete Custom Itinerary Service Inc,16003,"80,982.00",,
2019,Montgomery County Public Schools,ConAgra Brands Inc,60693,"377,032.24",,
2019,Montgomery County Public Schools,Concentric Educational Solutions Inc,20008,"112,868.00",,
2019,Montgomery County Public Schools,"Consolidated Commercial Services, LLC",20904,"143,479.45",,
2019,Montgomery County Public Schools,Constellation NewEnergy Inc,21275,"47,077.50",,
2019,Montgomery County Public Schools,Construction Consultants Assoc,20904,"32,500.00",,
2019,Montgomery County Public Schools,Control Sources LLC,21221,"903,427.28",,
2019,Montgomery County Public Schools,Coughlan Companies LLC,60689,"266,562.86",,
2019,Montgomery County Public Schools,Cox Subscriptions Inc,28470,"79,697.42",,
2019,Montgomery County Public Schools,Craig Gaulden & Davis Inc,29601,"360,174.00",,
2019,Montgomery County Public Schools,Crisis Prevention Institute Inc,53224,"45,375.00",,
2019,Montgomery County Public Schools,Criswell Chevrolet Inc,20878,"700,964.35",,
2019,Montgomery County Public Schools,Criswell Nissan of Germantown LLC,20874,"87,427.41",,
2019,Montgomery County Public Schools,Criswell Performance Cars Inc,20878,"32,838.31",,
2019,Montgomery County Public Schools,CT/HX LLC,21046,"48,089.00",,
2019,Montgomery County Public Schools,Culinary Ventures Maryland,20736,"958,708.86",,
2019,Montgomery County Public Schools,Cummins Power Systems LLC,19178,"152,653.09",,
2019,Montgomery County Public Schools,Curriculum Associates LLC,31193,"524,411.04",,
2019,Montgomery County Public Schools,Curriculum Associates LLC,1888,"11,434.63",,
2019,Montgomery County Public Schools,"Curvature, Inc",60693,"178,439.34",,
2019,Montgomery County Public Schools,Daboter Inc,33020,"141,852.39",,
2019,Montgomery County Public Schools,Daikin Applied Americas Inc,60673,"2,102,432.34",,
2019,Montgomery County Public Schools,Dairy Maid Dairy LLC,21701,"3,569,745.73",,
2019,Montgomery County Public Schools,Daly Computers Inc,22116,"35,519.60",,
2019,Montgomery County Public Schools,Danone US Inc,19170,"25,200.00",,
2019,Montgomery County Public Schools,Data Networks of America Inc,21031,"5,158,533.86",,
2019,Montgomery County Public Schools,Data Recognition Corporation,55480,"195,114.14",,
2019,Montgomery County Public Schools,Dawkins Management Inc,21601,"171,898.50",,
2019,Montgomery County Public Schools,Daycon Products Co Inc,30384,"37,933.18",,
2019,Montgomery County Public Schools,Dealmed Medical Supplies LLC,11234,"31,401.62",,
2019,Montgomery County Public Schools,Delaware Elevator Inc,21801,"160,040.73",,
2019,Montgomery County Public Schools,Dell Marketing LP,60680,"300,502.64",,
2019,Montgomery County Public Schools,Delmar Architects PA,20832,"665,780.00",,
2019,Montgomery County Public Schools,Delta-T Group Maryland Inc,19010,"52,842.43",,
2019,Montgomery County Public Schools,"Demakes Enterprises, Inc",1905,"28,699.29",,
2019,Montgomery County Public Schools,Demco Inc,53708,"45,790.71",,
2019,Montgomery County Public Schools,Dempsey Uniform and Linen Supply Inc,18434,"44,443.18",,
2019,Montgomery County Public Schools,Denver-Elek Inc,21221,"68,040.00",,
2019,Montgomery County Public Schools,DGS Educational Products,33445,"33,549.03",,
2019,Montgomery County Public Schools,Didax Inc,1969,"143,283.76",,
2019,Montgomery County Public Schools,Discovery Education Inc,21279,"299,162.00",,
2019,Montgomery County Public Schools,Diversified Educational Systems Inc,20118,"214,048.00",,
2019,Montgomery County Public Schools,DLA Piper Rudnick Gray Cary US LLP,21275,"159,114.40",,
2019,Montgomery County Public Schools,Don Johnston Inc,60073,"45,353.52",,
2019,Montgomery County Public Schools,Donald B Rice Tire Co Inc,21704,"61,408.82",,
2019,Montgomery County Public Schools,Dori Foods Inc,23230,"602,424.21",,
2019,Montgomery County Public Schools,"Dorsey, Latisa T",20871,"32,021.36",,
2019,Montgomery County Public Schools,Double K Contractors Inc,20872,"55,786.25",,
2019,Montgomery County Public Schools,Douron Inc,21117,"4,230,868.88",,
2019,Montgomery County Public Schools,Dr Jose Medina Educational Solutions,20902,"85,350.00",,
2019,Montgomery County Public Schools,Dreambox Learning,98004,"104,640.00",,
2019,Montgomery County Public Schools,DS Services of America Inc,75266,"132,751.44",,
2019,Montgomery County Public Schools,DuBois Construction Inc,21244,"1,008,494.20",,
2019,Montgomery County Public Schools,Dustin Construction Inc,21754,"46,504,445.15",,
2019,Montgomery County Public Schools,E.A.R.N Contractors Inc,20877,"167,351.80",,
2019,Montgomery County Public Schools,East Coast Welding and Construction Co Inc,21061,"56,097.00",,
2019,Montgomery County Public Schools,East West Telecommunications Inc,20877,"416,223.97",,
2019,Montgomery County Public Schools,"EDG2, Inc",17402,"113,915.00",,
2019,Montgomery County Public Schools,Education Resource Strategies Inc,2472,"312,500.00",,
2019,Montgomery County Public Schools,Education Strategy Group LLC,20815,"56,000.00",,
2019,Montgomery County Public Schools,Edvotek Inc,20827,"31,151.65",,
2019,Montgomery County Public Schools,EIS Office Solutions,77018,"285,754.95",,
2019,Montgomery County Public Schools,Elcon Enterprises Inc,20772,"908,617.08",,
2019,Montgomery County Public Schools,Elixir Technologies Corporation,93001,"39,167.00",,
2019,Montgomery County Public Schools,EMH Environmental Inc,21738,"1,964,021.38",,
2019,Montgomery County Public Schools,EMJAY Engineering and Construction Company Inc,21207,"2,883,769.25",,
2019,Montgomery County Public Schools,Empire Landscape LLC,20905,"647,499.27",,
2019,Montgomery County Public Schools,Encyclopaedia Britannica Inc.,2284,"69,464.78",,
2019,Montgomery County Public Schools,"Enel X North America, Inc",91185,"168,900.00",,
2019,Montgomery County Public Schools,Engineered Services Inc,20166,"28,937.40",,
2019,Montgomery County Public Schools,Ensoft Consulting Inc,60540,"59,175.73",,
2019,Montgomery County Public Schools,Episcopal Center For Children,20015,"230,221.29",,
2019,Montgomery County Public Schools,"Episerver, Inc",3063,"679,877.00",,
2019,Montgomery County Public Schools,Equal Opportunity Schools,98109,"362,078.58",,
2019,Montgomery County Public Schools,Espina Paving Inc,22191,"412,878.00",,
2019,Montgomery County Public Schools,Estate of Russell Hill,20783,"75,518.01",,
2019,Montgomery County Public Schools,Exelon Corporation,60693,"2,696,307.04",,
2019,Montgomery County Public Schools,Eyre Bus Service Inc,21737,"31,576.78",,
2019,Montgomery County Public Schools,Facility Engineering Associates PC,22033,"1,284,357.52",,
2019,Montgomery County Public Schools,"Facts On File, Inc",60680,"34,014.20",,
2019,Montgomery County Public Schools,Falcon Security,20721,"25,600.00",,
2019,Montgomery County Public Schools,Family Services Inc,20877,"142,492.46",,
2019,Montgomery County Public Schools,Ferguson Enterprises Inc,2241,"176,350.85",,
2019,Montgomery County Public Schools,Finley Asphalt and Concrete Inc,20108,"696,377.53",,
2019,Montgomery County Public Schools,Finley Asphalt and Concrete Inc,20136,"22,971.54",,
2019,Montgomery County Public Schools,Fisher Scientific Company,2241,"226,193.89",,
2019,Montgomery County Public Schools,Fitchco Inc,21230,"181,581.95",,
2019,Montgomery County Public Schools,Fitz Flooring LLC,21037,"27,520.37",,
2019,Montgomery County Public Schools,FleetPride Inc,30384,841.01,,
2019,Montgomery County Public Schools,FleetPride Inc,75284,"65,479.57",,
2019,Montgomery County Public Schools,Flinn Scientific Inc,60694,"42,577.26",,
2019,Montgomery County Public Schools,"Flocabulary, Inc",11201,"26,400.00",,
2019,Montgomery County Public Schools,Flowers Foods Inc,30368,"25,114.50",,Yes / No
2019,Montgomery County Public Schools,Follett School Solutions Inc,60693,"1,538,552.36",,
2019,Montgomery County Public Schools,Food Pro Corp,21701,"264,452.86",,
2019,Montgomery County Public Schools,Form Plastics Company,60174,"508,083.78",,
2019,Montgomery County Public Schools,"FPC Holdings, Inc",21075,"147,936.99",,
2019,Montgomery County Public Schools,Frankel Associates Inc,11706,"75,561.35",,
2019,Montgomery County Public Schools,Frederic L. Chamberlain Center Inc,2346,"351,320.09",,
2019,Montgomery County Public Schools,Frontline Technologies Group LLC,19355,"27,882.72",,
2019,Montgomery County Public Schools,Funds For Learning LLC,73013,"43,500.00",,
2019,Montgomery County Public Schools,FWD Media Inc,10010,"200,282.81",,
2019,Montgomery County Public Schools,Gabriel Roeder Smith & Company,48278,"83,425.00",,
2019,Montgomery County Public Schools,Gaithersburg Farmers Supply Inc,20877,"440,853.55",,
2019,Montgomery County Public Schools,Gale/Cengage Learning,60694,"182,914.74",,
2019,Montgomery County Public Schools,Gambrills Equipment Co Inc,21144,"130,357.34",,
2019,Montgomery County Public Schools,Game Day Inc,20152,"176,562.98",,
2019,Montgomery County Public Schools,Gartner Inc,75391,"45,900.00",,
2019,Montgomery County Public Schools,"Gemberling,  Katheryn W",21701,"62,500.00",,
2019,Montgomery County Public Schools,General Automotive Servicenter Inc,20879,"80,022.34",,
2019,Montgomery County Public Schools,General Mills Finance Inc,15251,"348,471.96",,
2019,Montgomery County Public Schools,Glennco Inc,21230,"255,550.72",,
2019,Montgomery County Public Schools,Global Engineering Solutions,20817,"135,535.30",,
2019,Montgomery County Public Schools,Global Engineering Solutions,20850,"1,896.70",,
2019,Montgomery County Public Schools,Global Equipment Co,60673,"48,300.57",,
2019,Montgomery County Public Schools,Goel Services Inc,20785,"848,227.48",,
2019,Montgomery County Public Schools,Government Finance Officers,60601,"224,449.55",,
2019,Montgomery County Public Schools,Government Finance Officers,60678,"12,775.00",,
2019,Montgomery County Public Schools,Great Minds,20003,"146,793.48",,
2019,Montgomery County Public Schools,Greater Washington Community Foundation,20005,"125,000.00",,
2019,Montgomery County Public Schools,Greenwood Publishing Group Inc,60693,"195,295.14",,
2019,Montgomery County Public Schools,Greenwood Publishing Group Inc,19170,"9,589.25",,
2019,Montgomery County Public Schools,Greenwood Publishing Group Inc,3801,"1,964.05",,
2019,Montgomery County Public Schools,Grimm & Parker Architecture Inc,20705,"418,398.62",,
2019,Montgomery County Public Schools,"Gross, Daniel E",20832,"26,475.00",,
2019,Montgomery County Public Schools,Grove Rockville 31 LLC,20852,"294,671.24",,
2019,Montgomery County Public Schools,Guest Services Inc,20794,"1,380,911.16",,
2019,Montgomery County Public Schools,Guitar Center Stores Inc,91359,"37,577.11",,
2019,Montgomery County Public Schools,Guitar Center Stores Inc,21703,"199,863.89",,
2019,Montgomery County Public Schools,H&S Distribution LLC,21231,"574,524.82",,
2019,Montgomery County Public Schools,Hadley Farms Inc,21783,"497,535.17",,
2019,Montgomery County Public Schools,Harbour School,21401,"167,118.18",,
2019,Montgomery County Public Schools,Harbour School,21117,"129,265.76",,
2019,Montgomery County Public Schools,Havtech Parts Division LLC,21297,"25,460.75",,
2019,Montgomery County Public Schools,HCGI Hartford Inc,19182,"1,222,853.65",,
2019,Montgomery County Public Schools,Heartland Payment Systems Inc,47130,"119,429.33",,
2019,Montgomery County Public Schools,Henley Construction Co Inc,20879,"18,957,519.22",,
2019,Montgomery County Public Schools,Hercules Fence Of Maryland LLC,20794,"503,172.75",,
2019,Montgomery County Public Schools,Herman Born & Sons Inc,21224,"192,938.98",,
2019,Montgomery County Public Schools,Hershey Creamery Company,17101,"237,886.63",,
2019,Montgomery County Public Schools,Hess Construction and Engineering Services Inc,20878,"56,264,417.00",,
2019,Montgomery County Public Schools,Hogan Lovells US LLP,20004,"60,515.11",,
2019,Montgomery County Public Schools,Home Depot USA Inc,85062,"78,049.11",,
2019,Montgomery County Public Schools,Home Health Connection Inc,20824,"195,528.80",,
2019,Montgomery County Public Schools,Hood College,21701,"448,213.50",,
2019,Montgomery County Public Schools,Hord Coplan Macht Inc,21202,"386,498.08",,
2019,Montgomery County Public Schools,Houghton Mifflin Harcourt Publishing Company,60693,"984,970.17",,
2019,Montgomery County Public Schools,Huayuan Chinese Academy Inc,20854,"35,560.00",,
2019,Montgomery County Public Schools,Hunt Graphics Inc,20814,"4,109.00",,
2019,Montgomery County Public Schools,Hunt Graphics Inc,20855,"23,120.00",,
2019,Montgomery County Public Schools,"Hyman, Andrew J",20841,"73,998.00",,
2019,Montgomery County Public Schools,IBM Corporation,15264,"60,684.40",,
2019,Montgomery County Public Schools,Identity Inc,20877,"243,325.69",,
2019,Montgomery County Public Schools,Infor (US) Inc,55485,"1,043,292.21",,
2019,Montgomery County Public Schools,Institute for Multi-Sensory Education LLC,48033,"381,652.66",,
2019,Montgomery County Public Schools,Instructure Inc,60055,"425,965.00",,
2019,Montgomery County Public Schools,Intac Inc,20910,"140,512.24",,
2019,Montgomery County Public Schools,Intellias Inc,75244,"65,569.58",,
2019,Montgomery County Public Schools,International Baccalaureate,10087,"334,597.00",,
2019,Montgomery County Public Schools,Interstate Corporation,20877,"6,138,552.68",,
2019,Montgomery County Public Schools,Interstate Office Supply,22301,"112,101.62",,
2019,Montgomery County Public Schools,IPEVO INC,94588,"27,821.00",,
2019,Montgomery County Public Schools,IPEVO INC,94085,"18,533.80",,
2019,Montgomery County Public Schools,Ivymount School,20854,"7,234,914.88",,
2019,Montgomery County Public Schools,J&J Snack Food Sales Corp,19178,"63,135.00",,
2019,Montgomery County Public Schools,J.G. Parks & Son,21638,"638,434.56",,
2019,Montgomery County Public Schools,J.S.B Industries Inc,2150,"179,508.00",,
2019,Montgomery County Public Schools,James Posey Associates Inc,21244,"605,526.50",,
2019,Montgomery County Public Schools,Jennie-O Turkey Store LLC,60673,"161,568.00",,
2019,Montgomery County Public Schools,JK Architects & Associates,20879,"269,352.00",,
2019,Montgomery County Public Schools,Johns Hopkins University,60693,"37,150.00",,
2019,Montgomery County Public Schools,Johns Hopkins University,20850,600.00,,
2019,Montgomery County Public Schools,Johns Hopkins University,21211,"1,725.00",,
2019,Montgomery County Public Schools,Johnson & Towers Inc,21220,"264,983.70",,
2019,Montgomery County Public Schools,Johnson Truck Center LLC,21220,"471,844.30",,
2019,Montgomery County Public Schools,Jostens Inc,60673,"50,747.43",,
2019,Montgomery County Public Schools,JPG Plumbing Services Inc,20794,"27,500.00",,
2019,Montgomery County Public Schools,JPMorgan Chase Bank. N.A.,60197,"18,020,543.29",,
2019,Montgomery County Public Schools,"JTM Provisions Company, Inc",45271,"272,894.80",,
2019,Montgomery County Public Schools,"Judd Fire Protection, LLC",21157,"232,130.60",,
2019,Montgomery County Public Schools,Junior Achievement of Greater Washington,20006,"203,242.40",,
2019,Montgomery County Public Schools,K Neal International Trucks Inc,20781,"352,329.77",,
2019,Montgomery County Public Schools,K&M Supply Inc,22841,"282,930.40",,
2019,Montgomery County Public Schools,Karetas Acquisition Company,19605,"97,033.26",,
2019,Montgomery County Public Schools,KCI Technologies Inc,21279,"365,998.98",,
2019,Montgomery County Public Schools,Keller Brothers Inc,21771,"11,793,230.85",,
2019,Montgomery County Public Schools,Keller Construction Management LLC,21771,"29,781,400.00",,
2019,Montgomery County Public Schools,Kellogg Sales Co,60673,"433,163.78",,
2019,Montgomery County Public Schools,Kendall Hunt Publishing Co,52004,"83,795.51",,
2019,Montgomery County Public Schools,Kennedy Krieger Education and Community Services Inc,21213,"4,302,035.02",,
2019,Montgomery County Public Schools,KEPRO Acquisitions Inc,17111,"49,680.00",,
2019,Montgomery County Public Schools,Kindermusik International Inc,27406,"55,131.75",,
2019,Montgomery County Public Schools,Kingmor Supply Inc,22841,"194,014.52",,
2019,Montgomery County Public Schools,L & L Music Wind Shop Inc,20877,"36,132.75",,
2019,Montgomery County Public Schools,"L&R Enterprises, Inc",20781,"250,050.97",,
2019,Montgomery County Public Schools,Lab School Of Washington,20007,"599,665.14",,
2019,Montgomery County Public Schools,Lakeshore Equipment Company,90895,"501,802.87",,
2019,Montgomery County Public Schools,Land O'Lakes Inc,30384,"170,886.04",,
2019,Montgomery County Public Schools,"Language Line Services, Inc",93940,"24,825.57",,
2019,Montgomery County Public Schools,"Language Line Services, Inc",75320,"233,720.70",,
2019,Montgomery County Public Schools,Lapinski's Landscaping Inc,20861,"35,416.75",,
2019,Montgomery County Public Schools,"Lashof Violins, LLC",20877,"58,191.45",,
2019,Montgomery County Public Schools,Learn Zillion Inc,20016,"287,000.00",,
2019,Montgomery County Public Schools,Learning A-Z LLC,2284,"27,275.68",,
2019,Montgomery County Public Schools,Learning Tree International USA Inc,31192,"68,758.48",,
2019,Montgomery County Public Schools,"Lee, Ivin",20707,"30,621.62",,
2019,Montgomery County Public Schools,"LEGO Brand Retail, Inc",60693,"465,629.15",,
2019,Montgomery County Public Schools,"Leidos, Inc",15251,"41,833.98",,
2019,Montgomery County Public Schools,Leisure Craft Inc,28793,"36,100.00",,
2019,Montgomery County Public Schools,Leonard Paper Co,21205,"98,181.44",,
2019,Montgomery County Public Schools,Let's Do Lunch Inc,90248,"960,704.53",,
2019,Montgomery County Public Schools,Life Safety Systems Inc,21227,"55,833.62",,
2019,Montgomery County Public Schools,Lighting Maintenance Inc,21090,"270,812.12",,
2019,Montgomery County Public Schools,Lindsay Ford LLC,20902,"194,800.06",,
2019,Montgomery County Public Schools,Linowes and Blocher  LLP,20814,"104,731.93",,
2019,Montgomery County Public Schools,Linwood Childrens Center Inc,21043,"180,342.27",,
2019,Montgomery County Public Schools,Longroad Energy Holdings LLC,2110,"54,747.49",,
2019,Montgomery County Public Schools,Lyon & Associates Inc,20639,"125,083.04",,
2019,Montgomery County Public Schools,M B Limited Partnership,60675,"164,062.56",,
2019,Montgomery County Public Schools,M R Enterprises Inc,21209,"104,986.66",,
2019,Montgomery County Public Schools,M&M Welding & Fabricators,21771,"1,093,592.25",,
2019,Montgomery County Public Schools,M&M Welding & Fabricators,20879,"1,730,753.55",,
2019,Montgomery County Public Schools,Mackin Book Co,55306,"45,240.02",,
2019,Montgomery County Public Schools,MacMillan Holdings LLC,31193,"168,347.63",,
2019,Montgomery County Public Schools,Maggin Construction Co Inc,20852,"2,967,633.00",,
2019,Montgomery County Public Schools,Magnolia Plumbing Inc,20017,"740,481.00",,
2019,Montgomery County Public Schools,Mallick Mechanical Contractors Inc,20879,"87,833.50",,
2019,Montgomery County Public Schools,Mansfield Oil Co,45263,"8,468,215.03",,
2019,Montgomery County Public Schools,Mansfield Oil Co,31193,733.39,,
2019,Montgomery County Public Schools,Mark's Equipment Service Inc,21783,"29,592.57",,
2019,Montgomery County Public Schools,Maryland Association of Boards of Education,21401,"92,420.00",,
2019,Montgomery County Public Schools,Maryland Interpreting Services Inc,21075,"28,624.90",,
2019,Montgomery County Public Schools,Maryland School For The Deaf,21705,"33,828.00",,
2019,Montgomery County Public Schools,Maryland Treatment Centers Inc,21229,"46,718.00",,
2019,Montgomery County Public Schools,Maryland Unemployment Ins Adm,21203,"204,335.91",,
2019,Montgomery County Public Schools,Marzetti Frozen Pasta Inc,43260,"56,838.23",,
2019,Montgomery County Public Schools,Maxim Healthcare Services Inc,21046,"281,160.18",,
2019,Montgomery County Public Schools,Maxim Healthcare Services Inc,60693,"137,956.52",,
2019,Montgomery County Public Schools,Maxxess Systems Inc,92887,"75,002.11",,
2019,Montgomery County Public Schools,McCain Foods USA Inc,60132,"602,362.82",,
2019,Montgomery County Public Schools,McDaniel College Inc,21157,"625,944.00",,
2019,Montgomery County Public Schools,McDonough Bolyard Peck Inc,22031,"29,150.00",,
2019,Montgomery County Public Schools,McGrath RentCorp,94145,247.00,,
2019,Montgomery County Public Schools,McGrath RentCorp,94551,"2,521,398.00",,
2019,Montgomery County Public Schools,McGraw-Hill Education Inc,60694,"277,369.40",,
2019,Montgomery County Public Schools,Mead Tree & Turf Care Inc,21765,"143,762.50",,
2019,Montgomery County Public Schools,Meridian Construction Co Inc,20850,"440,594.00",,
2019,Montgomery County Public Schools,Meridian Surveys Inc,21705,"66,560.00",,
2019,Montgomery County Public Schools,Metro Metal Services Inc,21530,"504,618.96",,
2019,Montgomery County Public Schools,MG Auto Glass Inc,20906,"26,075.71",,
2019,Montgomery County Public Schools,"MGT of America, LLC",33762,"92,767.00",,
2019,Montgomery County Public Schools,Michigan Dessert Corporation,48237,"75,125.25",,
2019,Montgomery County Public Schools,Microsoft Corporation,75284,"128,219.00",,
2019,Montgomery County Public Schools,Middleton & Meads Co Inc,21230,"49,790.34",,
2019,Montgomery County Public Schools,Midwest Shop Supplies Inc,51102,"74,221.30",,
2019,Montgomery County Public Schools,Mileham & King Inc,20855,"28,170.18",,
2019,Montgomery County Public Schools,Mitel Business Systems Inc,85072,"607,791.30",,
2019,Montgomery County Public Schools,MOCO KidsCo Inc,20817,"167,000.00",,
2019,Montgomery County Public Schools,Modern Door & Equipment Sales Inc,20695,"95,863.00",,
2019,Montgomery County Public Schools,Modular Genius Inc,21085,"345,919.38",,
2019,Montgomery County Public Schools,Modular Space Corporation,19312,"3,645.00",,
2019,Montgomery County Public Schools,Modular Space Corporation,60693,"340,904.23",,
2019,Montgomery County Public Schools,Mohawk Resources Ltd,12010,"69,379.00",,
2019,Montgomery County Public Schools,Montgomery College,20874,"6,370.00",,
2019,Montgomery County Public Schools,Montgomery College,20912,"8,330.00",,
2019,Montgomery County Public Schools,Montgomery College,20850,"348,942.24",,
2019,Montgomery County Public Schools,Montgomery Title Company LLC,20815,"1,000.00",,
2019,Montgomery County Public Schools,Montgomery Title Company LLC,20814,"48,750.00",,
2019,Montgomery County Public Schools,Moore Medical LLC,60696,"31,945.02",,
2019,Montgomery County Public Schools,Morneau Shepell SBC Limited,19178,"379,794.00",,
2019,Montgomery County Public Schools,Moseley Architects of Maryland Inc,23230,"1,073,528.43",,
2019,Montgomery County Public Schools,Moseley Architects PC,23230,"411,903.01",,
2019,Montgomery County Public Schools,"Mowatt, David",20837,"41,400.00",,
2019,Montgomery County Public Schools,MPS Healthcare Inc,22102,"154,224.00",,
2019,Montgomery County Public Schools,Multicorp Fire Protection Services LLC,21046,"13,992.77",,
2019,Montgomery County Public Schools,Multicorp Fire Protection Services LLC,21158,"33,848.29",,
2019,Montgomery County Public Schools,Multi-Health Systems Inc,14120,"90,975.49",,
2019,Montgomery County Public Schools,"Mythics, Inc",23462,"627,591.10",,
2019,Montgomery County Public Schools,N2Y LLC,44839,"149,249.15",,
2019,Montgomery County Public Schools,Nardone Brothers Baking Company Inc,18706,"518,578.58",,
2019,Montgomery County Public Schools,Nasco,53538,"116,701.94",,
2019,Montgomery County Public Schools,National Food Group Inc,48377,"166,969.85",,
2019,Montgomery County Public Schools,National Rehabilitation Hospital Inc,21225,"161,550.00",,
2019,Montgomery County Public Schools,National Rehabilitation Hospital Inc,21093,400.00,,
2019,Montgomery County Public Schools,National Rehabilitation Hospital Inc,20010,"1,475.00",,
2019,Montgomery County Public Schools,National Speech & Language Therapy Center Inc,20817,"328,151.25",,
2019,Montgomery County Public Schools,Naviance Inc,63150,"410,289.11",,
2019,Montgomery County Public Schools,NCS Pearson Incorporated,60693,"230,808.37",,
2019,Montgomery County Public Schools,Nearpod Inc,33160,"28,125.00",,
2019,Montgomery County Public Schools,Nelson Adams NACO Corporation,92376,"52,796.09",,
2019,Montgomery County Public Schools,Neopost USA Inc,75312,"214,293.38",,
2019,Montgomery County Public Schools,Netcom Technologies Inc,20855,"1,604,174.96",,
2019,Montgomery County Public Schools,Northern Virginia Supply Inc,21275,259.66,,
2019,Montgomery County Public Schools,Northern Virginia Supply Inc,21297,"206,071.34",,
2019,Montgomery County Public Schools,NorthStar Contracting Group Inc,21227,"59,575.00",,
2019,Montgomery County Public Schools,Northwest Evaluation Association,97209,"779,000.00",,
2019,Montgomery County Public Schools,Northwest Pipe Company,98684,"297,700.00",,
2019,Montgomery County Public Schools,Norton Land Design LLC,21042,"107,845.00",,
2019,Montgomery County Public Schools,Notre Dame of Maryland University Inc,21210,"74,688.50",,
2019,Montgomery County Public Schools,NSDAR Treasurer General,20006,"60,900.00",,
2019,Montgomery County Public Schools,Nustarr LLC,32765,"33,360.96",,
2019,Montgomery County Public Schools,Oak Contracting LLC,21286,"21,187,340.54",,
2019,Montgomery County Public Schools,Octagon Services Inc,20724,"33,613.79",,
2019,Montgomery County Public Schools,Office Depot Inc,28201,"971,165.88",,
2019,Montgomery County Public Schools,Okapi Educational Publishing Inc,92590,"91,787.59",,
2019,Montgomery County Public Schools,"Online School Management Systems, Inc",20166,"25,740.00",,
2019,Montgomery County Public Schools,Oracle America Inc,75320,"487,797.80",,
2019,Montgomery County Public Schools,Orndorff & Spaid Inc,20705,"2,486,891.36",,
2019,Montgomery County Public Schools,OTC Brands Inc,50306,"36,800.90",,
2019,Montgomery County Public Schools,OverDrive Inc,44192,"40,057.93",,
2019,Montgomery County Public Schools,Oxford University Press,31193,"44,696.37",,
2019,Montgomery County Public Schools,PAPCO Inc,28260,"64,728.30",,
2019,Montgomery County Public Schools,Para-Med Medical Transportation Inc,20850,"27,579.00",,
2019,Montgomery County Public Schools,Paramount Mechanical Corp,20109,"4,645,426.25",,
2019,Montgomery County Public Schools,Parlights Inc,21701,"46,077.02",,
2019,Montgomery County Public Schools,Parts Authority Southern LLC,20877,89.42,,
2019,Montgomery County Public Schools,Parts Authority Southern LLC,20011,"34,381.29",,
2019,Montgomery County Public Schools,Pasco Brokerage Inc,75026,"38,652.85",,
2019,Montgomery County Public Schools,Pathways Schools,20902,"1,197,915.01",,
2019,Montgomery County Public Schools,Pearson Education Inc,30384,"419,016.59",,
2019,Montgomery County Public Schools,Penske Truck Leasing Co LP,19182,"61,914.92",,
2019,Montgomery County Public Schools,PeopleAdmin Inc,75320,"1,272,132.00",,
2019,Montgomery County Public Schools,Pepco,20001,"12,006,308.81",,
2019,Montgomery County Public Schools,Pepco,19101,143.87,,
2019,Montgomery County Public Schools,Pepco,20850,"225,967.00",,
2019,Montgomery County Public Schools,Perfection Learning Corporation,51546,"233,779.81",,
2019,Montgomery County Public Schools,Performance Controls LLC,20832,"52,894.98",,
2019,Montgomery County Public Schools,Peterson Farm Fresh Inc,49455,"71,142.20",,
2019,Montgomery County Public Schools,Phillips Programs,22003,"1,056,397.39",,
2019,Montgomery County Public Schools,Phonak Inc,60678,"58,297.04",,
2019,Montgomery County Public Schools,Pioneer Valley Educational Press,1060,"44,387.61",,
2019,Montgomery County Public Schools,Pivot Athletic Training LLC,21286,"60,781.25",,
2019,Montgomery County Public Schools,Plano-Coudon LLC,21230,"933,834.69",,
2019,Montgomery County Public Schools,PlayCore Wisconsin Inc,37909,"3,398.20",,
2019,Montgomery County Public Schools,PlayCore Wisconsin Inc,35968,"139,501.55",,
2019,Montgomery County Public Schools,Playground Specialists Inc,21788,"1,017,522.16",,
2019,Montgomery County Public Schools,Potomac Disposal Inc,20879,"472,946.86",,
2019,Montgomery County Public Schools,Potomac Edison,44309,"1,026,935.22",,
2019,Montgomery County Public Schools,Prevost Construction Co,21797,"1,583,427.50",,
2019,Montgomery County Public Schools,Procom Communications LLC,20794,"446,508.98",,
2019,Montgomery County Public Schools,Procom Corporation,20794,"169,542.67",,
2019,Montgomery County Public Schools,"Professional Service Industries, Inc",60674,"400,349.70",,
2019,Montgomery County Public Schools,"Proffitt & Associates Architects, PC",21701,"558,572.05",,
2019,Montgomery County Public Schools,Project Lead The Way Inc,46240,"135,222.00",,
2019,Montgomery County Public Schools,ProQuest LLC,60674,"216,575.52",,
2019,Montgomery County Public Schools,PS Business Parks LP,91201,"52,927.49",,
2019,Montgomery County Public Schools,PulseWind LLC,60540,"28,238.94",,
2019,Montgomery County Public Schools,Pyramid Paper Company,33610,"1,573,304.84",,
2019,Montgomery County Public Schools,R D Bean Inc,20705,"741,648.00",,
2019,Montgomery County Public Schools,Radon Control Professionals Inc,20191,"288,860.00",,
2019,Montgomery County Public Schools,RAM Enterprises Inc,21227,"153,225.43",,
2019,Montgomery County Public Schools,Rasix Computer Center Inc,91911,"1,266,045.29",,
2019,Montgomery County Public Schools,RCC1545 LLC,94104,"3,701,302.42",,
2019,Montgomery County Public Schools,RDA Corporation,21030,"328,905.00",,
2019,Montgomery County Public Schools,Read Naturally Inc,55121,"44,051.17",,
2019,Montgomery County Public Schools,"Really Good Stuff, LLC",6484,"103,269.48",,
2019,Montgomery County Public Schools,Really Great Reading LLC,20818,"36,411.04",,
2019,Montgomery County Public Schools,Recovery Point Systems Inc,20878,"320,580.24",,
2019,Montgomery County Public Schools,Red Hawk Fire & Security LLC,7101,"260,535.44",,
2019,Montgomery County Public Schools,Redbird Flight Simulations Inc,78744,"29,768.00",,
2019,Montgomery County Public Schools,Regency Cab Inc,20879,"115,338.50",,
2019,Montgomery County Public Schools,Reginald S Lourie Center for Infants & Young Children Inc,20850,"1,519,347.54",,
2019,Montgomery County Public Schools,Regional Institute for Children & Adolescents,21229,"151,100.00",,
2019,Montgomery County Public Schools,Rehabilitation Equipment Professionals Inc,22304,"26,557.94",,
2019,Montgomery County Public Schools,Rescue One Training for Life Inc,20879,"109,939.72",,
2019,Montgomery County Public Schools,Research For Better Teaching,1720,"67,745.25",,
2019,Montgomery County Public Schools,Retro Environmental Inc,21784,"146,135.00",,
2019,Montgomery County Public Schools,Rich Product Corp,60693,"504,755.02",,
2019,Montgomery County Public Schools,Ridge School,20850,"1,739,572.09",,
2019,Montgomery County Public Schools,Riverside Paper Supply,23603,"60,747.91",,
2019,Montgomery County Public Schools,RK Payroll Solutions Inc,27617,"575,113.50",,
2019,Montgomery County Public Schools,RoboNation Inc,22206,"29,680.00",,
2019,Montgomery County Public Schools,Rochester 100 Inc,14692,"38,456.75",,
2019,Montgomery County Public Schools,Rockville Color LLC,20852,"32,022.21",,
2019,Montgomery County Public Schools,Rolyn Companies Inc,20852,"960,765.17",,
2019,Montgomery County Public Schools,Rosen Publishing Group,10087,"71,234.24",,
2019,Montgomery County Public Schools,"Ross, Arianna",20874,"91,370.26",,
2019,Montgomery County Public Schools,RRMM Architects PC,23320,"1,134,142.00",,
2019,Montgomery County Public Schools,RT MacKenzie Inc,20794,"35,850.00",,
2019,Montgomery County Public Schools,S Freedman & Sons Inc,20785,"1,308,723.42",,
2019,Montgomery County Public Schools,S&E Paper Inc,20705,"126,679.27",,
2019,Montgomery County Public Schools,Sage Publications Inc,91320,"26,705.19",,
2019,Montgomery County Public Schools,Saint Coletta of Greater Washington Inc,20003,"228,110.71",,
2019,Montgomery County Public Schools,Samaha Associates PC,22030,"1,178,462.39",,
2019,Montgomery County Public Schools,Sanako US LLC,92618,"34,460.00",,
2019,Montgomery County Public Schools,SanDow Construction Inc,20785,"65,350.00",,
2019,Montgomery County Public Schools,Scantron Corporation,60673,"58,615.69",,
2019,Montgomery County Public Schools,Scenario Learning LLC,45207,"61,425.00",,
2019,Montgomery County Public Schools,Schneider Electric IT USA Inc,60693,"96,509.11",,
2019,Montgomery County Public Schools,Scholastic Inc,65102,"238,855.40",,
2019,Montgomery County Public Schools,Scholastic Inc,65101,"6,283.72",,
2019,Montgomery County Public Schools,Scholastic Library Publishing,2241,"54,396.01",,
2019,Montgomery County Public Schools,Scholastic Library Publishing,7189,"1,300.82",,
2019,Montgomery County Public Schools,School & Office Services Inc,21111,"51,627.92",,
2019,Montgomery County Public Schools,School Datebooks Inc,47909,"60,164.24",,
2019,Montgomery County Public Schools,School Health Corporation,60678,"36,241.43",,
2019,Montgomery County Public Schools,School Specialty Inc,2139,"7,224.44",,
2019,Montgomery County Public Schools,School Specialty Inc,60693,"705,257.90",,
2019,Montgomery County Public Schools,School Uniform Outfitters Inc,21045,"27,966.59",,
2019,Montgomery County Public Schools,Schoolhouse Outfitters LLC,45212,"26,952.59",,
2019,Montgomery County Public Schools,Schwans Food Company,55485,"530,148.95",,
2019,Montgomery County Public Schools,"Scribner, Jonathan",20895,"186,000.00",,
2019,Montgomery County Public Schools,Security Equipment Company,21227,"25,821.00",,
2019,Montgomery County Public Schools,SEEC,20910,"149,370.00",,
2019,Montgomery County Public Schools,Sempco Inc,3061,"442,931.00",,
2019,Montgomery County Public Schools,Service Machine Shop Inc,20852,"49,810.22",,
2019,Montgomery County Public Schools,Service Tire Truck Center Inc,18017,"620,696.33",,
2019,Montgomery County Public Schools,Servpro Of Rockville-Olney Inc,20850,"124,634.51",,
2019,Montgomery County Public Schools,Servpro Of Rockville-Olney Inc,20849,"80,274.45",,
2019,Montgomery County Public Schools,Severin Intermediate Holdings LLC,91439,"1,164,700.87",,
2019,Montgomery County Public Schools,Shapiro & Duncan Inc,20850,"2,432,271.44",,
2019,Montgomery County Public Schools,Sheffield Pottery Inc,1257,"97,946.07",,
2019,Montgomery County Public Schools,Sheppard Pratt Health System Inc,21279,"6,106,808.48",,
2019,Montgomery County Public Schools,Sheppard Pratt Health System Inc,2241,"441,049.38",,
2019,Montgomery County Public Schools,SHI International Corp,19178,"159,913.81",,
2019,Montgomery County Public Schools,Shireen Realty Investments LLC,20874,"86,257.50",,
2019,Montgomery County Public Schools,Shorehaven Inc,21921,"990,085.46",,
2019,Montgomery County Public Schools,Singh Operational Services Inc,17584,"92,090.04",,
2019,Montgomery County Public Schools,Smith & Haines Inc,20837,"378,131.40",,
2019,Montgomery County Public Schools,"Smolen Emr Ilkovitch Architects, Inc",20850,"632,931.46",,
2019,Montgomery County Public Schools,SMS Ambassadors Corp,43623,"65,280.00",,
2019,Montgomery County Public Schools,Snap-On Industrial,60673,"38,809.22",,
2019,Montgomery County Public Schools,Socrata Inc,98104,"30,000.00",,
2019,Montgomery County Public Schools,Southern Insulation Inc,20781,"507,579.17",,
2019,Montgomery County Public Schools,Spanish Speaking Community of Maryland Inc,20901,"31,033.60",,
2019,Montgomery County Public Schools,"Specialized Education of MD, Inc",8103,"1,085,434.31",,
2019,Montgomery County Public Schools,Speech Rehab Services LLC,33487,"77,317.04",,
2019,Montgomery County Public Schools,Sprinturf LLC,29492,"18,681.00",,
2019,Montgomery County Public Schools,Sprinturf LLC,29464,"1,646,976.13",,
2019,Montgomery County Public Schools,St Elizabeth School,21218,"680,694.42",,
2019,Montgomery County Public Schools,Stage Rigging Services Inc,27405,"592,306.50",,
2019,Montgomery County Public Schools,Starpower Communications LLC,7101,"81,200.00",,
2019,Montgomery County Public Schools,State of Maryland,21202,150.00,,
2019,Montgomery County Public Schools,State of Maryland,21201,"1,220,033.67",,
2019,Montgomery County Public Schools,State of Maryland,21282,"64,033.00",,
2019,Montgomery County Public Schools,State of Maryland,21401,190.00,,
2019,Montgomery County Public Schools,Steel Products Inc,20850,"655,212.87",,
2019,Montgomery County Public Schools,Steve's Frozen Chillers Inc,33426,"190,404.00",,
2019,Montgomery County Public Schools,Storm Water Management Facilities Repair Group Inc,20879,"673,740.76",,
2019,Montgomery County Public Schools,Strathmore Hall Foundation Inc,20852,"122,650.00",,
2019,Montgomery County Public Schools,Summit Lake Camp,27587,"143,290.00",,
2019,Montgomery County Public Schools,Sun Edison LLC,91362,"70,969.15",,
2019,Montgomery County Public Schools,Sun Edison LLC.,94163,"112,187.25",,
2019,Montgomery County Public Schools,Sunny Acres Landscaping Inc,21035,"1,171,250.00",,
2019,Montgomery County Public Schools,Superior Supply Ltd,21227,"687,157.31",,
2019,Montgomery County Public Schools,Superior Text,48198,"71,948.44",,
2019,Montgomery County Public Schools,Swagit Productions LLC,75025,"26,430.00",,
2019,Montgomery County Public Schools,Sweeney Brothers Inc,20774,"168,423.23",,
2019,Montgomery County Public Schools,SYN-TECH SYSTEMS INC,32314,"26,829.50",,
2019,Montgomery County Public Schools,T L Garden & Associates Inc,20109,"378,444.69",,
2019,Montgomery County Public Schools,Takoma Tree Experts Inc,20783,"73,244.80",,
2019,Montgomery County Public Schools,"Tan Fire Alarms, LLC",21036,"1,485,518.59",,
2019,Montgomery County Public Schools,Taylor Security & Lock Company Inc,31193,"46,577.83",,
2019,Montgomery County Public Schools,Technology Resource Associates Inc,28403,"89,718.86",,
2019,Montgomery County Public Schools,Tex-Am Construction Co Inc,20879,"1,151,294.72",,
2019,Montgomery County Public Schools,Texthelp Systems Inc,1801,"40,000.00",,
2019,Montgomery County Public Schools,The Arrow Project,77388,"198,846.49",,
2019,Montgomery County Public Schools,The B.E.L.L. Foundation Inc,2122,"941,917.54",,
2019,Montgomery County Public Schools,The Berg Corporation,21223,"48,450.00",,
2019,Montgomery County Public Schools,The Best Battery Company Inc,21224,"185,287.31",,
2019,Montgomery County Public Schools,The Children's Guild Inc,21234,"179,274.48",,
2019,Montgomery County Public Schools,"The Children's Guild Institute, Inc",21234,"268,000.00",,
2019,Montgomery County Public Schools,The Dannon Company,10603,"53,571.00",,
2019,Montgomery County Public Schools,The DBQ Company,60202,"57,217.00",,
2019,Montgomery County Public Schools,The Devereux Foundation,30152,"70,021.39",,
2019,Montgomery County Public Schools,The Devereux Foundation,19171,"19,674.41",,
2019,Montgomery County Public Schools,The Devereux Foundation,44194,"190,909.34",,
2019,Montgomery County Public Schools,The Echelon Academy,20833,"127,863.25",,
2019,Montgomery County Public Schools,The Echelon Academy,20866,"18,269.60",,
2019,Montgomery County Public Schools,"The Father's Table, LLC",32772,"56,898.00",,
2019,Montgomery County Public Schools,The Foundation Schools,20852,"4,586,367.26",,
2019,Montgomery County Public Schools,The George B Thomas Sr Learning Academy Inc,20902,"136,051.00",,
2019,Montgomery County Public Schools,The Great Books Foundation,60601,"256,636.60",,
2019,Montgomery County Public Schools,"The Hearing and Speech Agency of Metropolitan Baltimore, Inc",21215,"73,395.78",,
2019,Montgomery County Public Schools,The Hillshire Brands Company,63045,"54,228.25",,
2019,Montgomery County Public Schools,The Hillshire Brands Company,63044,"186,345.60",,
2019,Montgomery County Public Schools,The K Group Architects,20852,"342,080.00",,
2019,Montgomery County Public Schools,The Learning Center for the Deaf Inc,1701,"499,347.26",,
2019,Montgomery County Public Schools,The Maryland School for the Blind,21236,"283,211.50",,
2019,Montgomery County Public Schools,The Matthews Group Inc,20134,"818,159.14",,
2019,Montgomery County Public Schools,The Prophet Corporation,55060,"5,317.14",,
2019,Montgomery County Public Schools,The Prophet Corporation,55485,"43,628.67",,
2019,Montgomery County Public Schools,The Selma M Levine School of Music,20008,"39,850.00",,
2019,Montgomery County Public Schools,The Tree House Inc,2062,"45,719.00",,
2019,Montgomery County Public Schools,The Woodhall School Inc,6751,"32,444.45",,
2019,Montgomery County Public Schools,Theatre Services Inc,20854,"31,680.00",,
2019,Montgomery County Public Schools,"Thompson, John",21784,"370,353.82",,
2019,Montgomery County Public Schools,"Thompson, John",34476,"55,757.77",,
2019,Montgomery County Public Schools,Tilley Chemical Co Inc,21275,"589,446.93",,
2019,Montgomery County Public Schools,Todays Office Solutions Inc,20148,"42,445.50",,
2019,Montgomery County Public Schools,Total Kitchen Care LLC,21108,"44,848.97",,
2019,Montgomery County Public Schools,Towson State University,21204,"5,125.00",,
2019,Montgomery County Public Schools,Towson State University,21252,"164,721.50",,
2019,Montgomery County Public Schools,Trane US Inc,30384,"29,304.00",,
2019,Montgomery County Public Schools,"Transcendia, Inc",60131,"28,101.60",,
2019,Montgomery County Public Schools,Trapeze Software Group  Inc,75320,"37,827.30",,
2019,Montgomery County Public Schools,Treatment & Learning Centers Inc,20850,"3,742,805.16",,
2019,Montgomery County Public Schools,Tricon Chemical Corporation,20747,"26,352.50",,
2019,Montgomery County Public Schools,"Tseng, Paul",20854,"25,138.75",,
2019,Montgomery County Public Schools,Tuckman-Barbee Construction Co,20774,"587,992.05",,
2019,Montgomery County Public Schools,Tumbleweed Press Inc,M5M 3,"34,930.00",,
2019,Montgomery County Public Schools,"Turf Equipment & Supply Company, Inc",20794,"91,351.68",,
2019,Montgomery County Public Schools,Turnitin LLC,94139,"146,839.92",,
2019,Montgomery County Public Schools,Tyson Foods Inc,10087,"1,204,422.46",,
2019,Montgomery County Public Schools,Tyson Prepared Foods Inc,10087,"161,750.90",,
2019,Montgomery County Public Schools,Unisource Services LLC,21770,"1,284,006.41",,
2019,Montgomery County Public Schools,Unitec Distribution Systems Inc,21157,"368,604.55",,
2019,Montgomery County Public Schools,United Rentals North America Inc,21703,"33,741.59",,
2019,Montgomery County Public Schools,United Rentals North America Inc,30384,"62,175.69",,
2019,Montgomery County Public Schools,United States Postal Service,20850,"6,860.00",,
2019,Montgomery County Public Schools,United States Postal Service,20898,"419,500.00",,
2019,Montgomery County Public Schools,United States Postal Service,20886,"3,000.00",,
2019,Montgomery County Public Schools,University of Maryland,20850,"10,000.00",,
2019,Montgomery County Public Schools,University of Maryland,20686,"1,498.00",,
2019,Montgomery County Public Schools,University of Maryland,21250,"7,528.50",,
2019,Montgomery County Public Schools,University of Maryland,20742,"522,572.61",,
2019,Montgomery County Public Schools,Urban N Zink Contractor Inc,21027,"956,927.40",,
2019,Montgomery County Public Schools,US Modular Group East Inc,21013,"1,485,913.00",,
2019,Montgomery County Public Schools,Vanguard Modular Building Systems LLC,19182,"30,450.00",,
2019,Montgomery County Public Schools,Varsity Brands Holding Co Inc,38115,"3,457.22",,
2019,Montgomery County Public Schools,Varsity Brands Holding Co Inc,75266,"374,346.25",,
2019,Montgomery County Public Schools,Venable LLP,21264,"322,284.10",,
2019,Montgomery County Public Schools,Veritiv Operating Company,60693,"60,345.40",,
2019,Montgomery County Public Schools,Verizon Maryland Inc,12212,"49,041.18",,
2019,Montgomery County Public Schools,Verizon Maryland Inc,20904,"5,000.00",,
2019,Montgomery County Public Schools,Verizon Maryland Inc,8650,"1,227,340.22",,
2019,Montgomery County Public Schools,Verizon Wireless,18002,"377,295.22",,
2019,Montgomery County Public Schools,Verizon Wireless,12212,499.98,,
2019,Montgomery County Public Schools,Vernier Software & Technology LLC,97005,"43,399.09",,
2019,Montgomery County Public Schools,Vista Higher Learning Inc,2284,"111,596.43",,
2019,Montgomery County Public Schools,Voyager Sopris Learning Inc,2284,"33,540.12",,
2019,Montgomery County Public Schools,VSC Fire and Security Inc,23005,"616,079.71",,
2019,Montgomery County Public Schools,W L Gary Company Inc,20012,"3,179,862.35",,
2019,Montgomery County Public Schools,W W Grainger Inc,60038,"431,555.44",,
2019,Montgomery County Public Schools,Walker Willis Corp,20860,"2,924,951.36",,
2019,Montgomery County Public Schools,Walton Madden Cooper Robinson Poness Inc,20770,"293,766.00",,
2019,Montgomery County Public Schools,"Warfield, Bernard T",21703,"48,975.00",,
2019,Montgomery County Public Schools,Washington County Board of Education,21740,"31,017.00",,
2019,Montgomery County Public Schools,Washington Gas Light Company,19101,"145,401.80",,
2019,Montgomery County Public Schools,Washington Gas Light Company,22151,"2,306,096.01",,
2019,Montgomery County Public Schools,Washington Music Sales Center Inc,20902,"107,669.31",,
2019,Montgomery County Public Schools,Washington Suburban Sanitary Commission,20707,"5,390,598.75",,
2019,Montgomery County Public Schools,Wayside Publishing,4032,"218,227.96",,
2019,Montgomery County Public Schools,Wazzle llc,48813,"106,700.00",,
2019,Montgomery County Public Schools,WB Mason Company Inc,2298,"2,151,617.42",,
2019,Montgomery County Public Schools,Weather Control Inc,22304,"49,420.48",,
2019,Montgomery County Public Schools,Weiss Bros of Hagerstown Inc,21740,"251,700.00",,
2019,Montgomery County Public Schools,Wenger Corporation,55485,"79,081.00",,
2019,Montgomery County Public Schools,Werres Corp,21275,"53,507.12",,
2019,Montgomery County Public Schools,"Wertz Jr., Robert E",21740,"29,700.00",,
2019,Montgomery County Public Schools,Weyer's Floor Service Inc,21113,"360,808.07",,
2019,Montgomery County Public Schools,WGL Energy Services Inc,22182,"15,420,798.91",,
2019,Montgomery County Public Schools,Williams Scotsman Inc,60693,"191,630.21",,
2019,Montgomery County Public Schools,Wisconsin Center for Education Products and Services Inc,53719,"83,916.00",,
2019,Montgomery County Public Schools,WJ Strickler Signs Inc,17350,"57,129.00",,
2019,Montgomery County Public Schools,WKM Solutions LLC,20036,"408,779.66",,
2019,Montgomery County Public Schools,WLR Automotive Group Inc,21703,"38,314.08",,
2019,Montgomery County Public Schools,Woodbourne Center Inc,21239,"72,368.42",,
2019,Montgomery County Public Schools,Xerox Corporation,19182,"314,223.33",,
2019,Montgomery County Public Schools,Yoti N N & Associates Inc,20832,"325,055.71",,
2019,Montgomery County Public Schools,Zeager Brothers Inc,17057,"131,998.00",,
,,,,,,